date,sender_email,mail_count
2024-10-13,abhinavchebrolu@gonav.in,9
2024-10-13,support@99papers.in,3
2024-10-15,abhinavchebrolu@gonav.in,1
2024-10-15,support@99papers.in,1
2024-10-15,greetings@docs-99papers.in,1
2024-12-21,abhinavchebrolu@gonav.in,3
2024-12-21,support@99papers.in,3
2024-12-21,greetings@docs-99papers.in,3
2024-12-22,abhinavchebrolu@gonav.in,1
2024-12-22,support@99papers.in,1
2024-12-22,greetings@docs-99papers.in,1
2024-12-22,greetings@99papers.co.in,1
2024-12-22,greetings@draftwith-99papers.in,1
2024-12-23,abhinavchebrolu@gonav.in,1
2024-12-23,support@99papers.in,1
2024-12-23,greetings@docs-99papers.in,1
2024-12-23,greetings@99papers.co.in,1
2024-12-23,greetings@draftwith-99papers.in,1
2024-12-23,greetings@startupwith-99papers.in,1
2024-12-23,greetings@drafting-99papers.in,1
2024-12-23,greetings@documents-99papers.in,1
2024-12-23,greetings@biz-99papers.in,1
2024-12-25,abhinavchebrolu@gonav.in,19
2024-12-25,support@99papers.in,17
2024-12-25,greetings@docs-99papers.in,17
2024-12-25,greetings@99papers.co.in,17
2024-12-25,greetings@draftwith-99papers.in,17
2024-12-25,greetings@startupwith-99papers.in,17
2024-12-25,greetings@drafting-99papers.in,17
2024-12-25,greetings@documents-99papers.in,17
2024-12-25,greetings@biz-99papers.in,17
2024-12-25,greetings@b2bwith-99papers.in,17
2024-12-25,greetings@startwith-99papers.in,17
